            
-- INSERT INTO Doctors
INSERT INTO Doctors VALUES
	(980312, "소아과", "이태정", "M", "010-333-1340", "ltj@hanbh.com", "과장"),
    (000601, "내과", "안성기", "M", "011-222-0987", "ask@hanbh.com", "과장"),
    (001208, "외과", "김민종", "M", "010-333-8743", "kmj@han.com", "과장"),
    (020403, "피부과", "이태서", "M", "019-777-3764", "lts@hanbh.com", "과장"),
    (050900, "소아과", "김연아", "F", "010-555-3764", "kya@hanbh.com", "전문의"),
    (050101, "내과", "차태현", "M", "011-222-7643", "cth@hanbh.com", "전문의"),
    (062019, "소아과", "전지현", "F", "010-999-1265", "jjh@hanbh.com", "전문의"),
    (070576, "피부과", "홍길동", "M", "016-333-7263", "hgd@hanbh.com", "전문의"),
    (080543, "방사선과", "유재석", "M", "010-222-1263", "yjs@hanbh.com", "과장"),
    (091001, "외과", "김병만", "M", "010-555-3542", "kbm@hanbh.com", "전문의");
    
-- INSERT INTO Nurses
INSERT INTO Nurses VALUES
	(050302, "소아과", "김은영", "F", "010-555-8751", "key@hanbh.com", "수간호사"),
    (050021, "내과", "윤성애", "F", "016-333-8745", "ysa@hanbh.com", "수간호사"),
    (040089, "피부과", "신지원", "M", "010-666-7646", "sjw@han.com", "주임"),
    (070605, "방사선과", "유정화", "F", "010-333-4588", "yjh@hanbh.com", "주임"),
    (070804, "내과", "라하나", "F", "010-222-1340", "nhn@hanbh.com", "주임"),
    (071018, "소아과", "김화경", "F", "019-888-4116", "khk@hanbh.com", "주임"),
    (100356, "소아과", "이선용", "M", "010-777-1234", "lsy@hanbh.com", "간호사"),
    (104145, "외과", "김현", "M", "010-999-8520", "kh@hanbh.com", "간호사"),
    (120309, "피부과", "박성완", "M", "010-777-4996", "psw@hanbh.com", "간호사"),
    (130211, "외과", "이서연", "F", "010-222-3214", "lsy2@hanbh.com", "간호사");

-- INSERT INTO Patients
INSERT INTO Patients VALUES
	(2345, 050302, 980312, "안상건", "M", "232345", "서울", "010-555-7845", "ask@ab.com", "회사원"),
	(3545, 040089, 020403, "김성룡", "M", "543545", "서울", "010-333-7812", "ksr@bb.com", "자영업"),
	(3424, 070605, 080543, "이종진", "M", "433424", "부산", "019-888-4859", "ljj@ab.com", "회사원"),
	(7675, 100356, 050900, "최광석", "M", "677675", "당진", "010-222-4847", "cks@cc.com", "회사원"),
	(4533, 070804, 000601, "정한경", "M", "744533", "강릉", "010-777-9630", "jhk@ab.com", "교수"),
	(5546, 120309, 070576, "유원현", "M", "765546", "대구", "016-777-0214", "ywh@cc.com", "자영업"),
	(4543, 070804, 050101, "최재정", "M", "454543", "부산", "010-555-4187", "cjj@bb.com", "회사원"),
	(9768, 130211, 091001, "이진희", "F", "119768", "서울", "010-888-3675", "ljh@ab.com", "교수"),
	(4234, 130211, 091001, "오나미", "F", "234234", "속초", "010-999-6541", "onm@cc.com", "학생"),
	(7643, 071018, 062019, "송성묵", "M", "987643", "서울", "010-222-5874", "ssm@bb.com", "학생");

-- INSERT INTO Treatments
INSERT INTO Treatments VALUES
	(130516023, 2345, 980312, "감기, 몸살", "2013-05-16"),
    (130628100, 3545, 020403, "피부 트러블 치료", "2013-06-28"),
    (131205056, 3424, 080543, "목 디스크로 MRI 촬영", "2013-12-05"),
    (131218024, 7675, 050900, "중이염", "2013-12-18"),
    (131224012, 4533, 000601, "장염", "2013-12-24"),
    (140103001, 5546, 070576, "여드름 치료", "2014-01-03"),
    (140109026, 4543, 050101, "위염", "2014-01-09"),
    (140226102, 9768, 091001, "화상치료", "2014-02-26"),
    (140303003, 4234, 091001, "교통사고 외상치료", "2014-03-03"),
    (140308087, 7643, 062019, "장염", "2014-03-08");
    
    
-- CREATE TABLE Charts (
-- 	chart_id		VARCHAR(20) NOT NULL,
--     treat_id		INTEGER NOT NULL,
-- 	doc_id			INTEGER NOT NULL,
--     pat_id			INTEGER NOT NULL,
--     nur_id			INTEGER NOT NULL,
--     chart_contents	VARCHAR(1000) NOT NULL
-- );
-- ALTER TABLE Charts
-- 	ADD CONSTRAINT chart_treat_doc_pat_id_pk 
-- 		PRIMARY KEY (chart_id, treat_id, doc_id, pat_id);
--  
-- ALTER TABLE Charts
-- 	ADD (CONSTRAINT	R_4 FOREIGN KEY (nur_id) REFERENCES Nurses (nur_id));
--     
-- ALTER TABLE Charts
-- 	ADD (CONSTRAINT R_7 FOREIGN KEY (treat_id, pat_id, doc_id) 
-- 			REFERENCES Treatments (treat_id, pat_id, doc_id));
-- INSERT INTO Charts
INSERT INTO  Charts VALUES 
	("c123", 130516023, 980312, 2345, 050302, "약먹고 집에서 하루정도 푹 쉬세요."),
    ("a124", 130628100, 020403, 3545, 040089, "약을 바르고 바깥 활동을 자제하세요."),
    ("b456", 131205056, 080543, 3424, 070605, "일주일간 목 교정기를 착용하세요."),
    ("s512", 131218024, 050900, 7675, 071018, "보호자가 처방해준 약을 바르세요."),
    ("d364", 131224012, 000601, 4533, 070804, "처방해준 약을 먹고 하루정도 흰 죽만 먹으세요."),
    ("f734", 140103001, 070576, 5546, 120309, "여드름이 난 곳에 처방해준 약을 바르세요."),
    ("b145", 140109026, 050101, 4543, 070804, "처방해준 약을 먹고 하루 동안 금식하세요."),
    ("a243", 140226102, 091001, 9768, 130211, "처방해준 약을 바르고 자외선을 피하세요."),
    ("a635", 140303003, 091001, 4234, 104145, "수술 후 어느정도 회복할 때 까지 입원 후 재활치료를 받으세요."),
    ("d562", 140308087, 062019, 7643, 100356, "하루정도 흰 죽만 먹고 일주일 간 자극적인 음식은 피하세요."),
    ("c845", 140303003, 091001, 4234, 104145, "경과를 보고 호전되지 않으면 입원 기간을 늘리세요."),
    ("c835", 140226102, 091001, 9768, 130211, "경과가 좋아지지 않으면 수술을 진행하겠습니다."),
    ("s435", 140308087, 062019, 7643, 100356, "경과가 좋아지지 않으면 약을 처방해드리겠습니다."),
    ("a946", 131205056, 080543, 3424, 070605, "경과가 좋아지지 않으면 수술을 할 수 있습니다."),
    ("b039", 140103001, 070576, 5546, 120309, "여드름에 나지 않도록 하는 습관에 대해 교육해주세요.");