  
  -- 학생번호는 100번대 교수번호는 200번대 학과번호는 300번대 강좌번호는 400번대 동아리번호 500번대
  INSERT INTO Department VALUES(300, '국어국문학과', '02-6354-8654', '집908',200);
  INSERT INTO Department VALUES(301, '영어영문학', '02-5234-1234', '집805',201);
  INSERT INTO Department VALUES(302, '일어일문학', '02-8455-5232', '집715',202);
  INSERT INTO Department VALUES(303, '역사학과', '02-6432-4567', '집915',203);
  INSERT INTO Department VALUES(304, '교육학과', '02-2351-3333', '집706',204);
  INSERT INTO Department VALUES(305, '행정학과', '02-1345-8765', '집604',205);
  INSERT INTO Department VALUES(306, '미디어커뮤니케이션학과', '02-3456-4563', '집509',206);
  INSERT INTO Department VALUES(307, '경제학과', '02-3457-8643', '집412',207);
  INSERT INTO Department VALUES(308, '수학과', '02-1111-2462', '다109',208);
  INSERT INTO Department VALUES(309, '물리천문학과', '02-4452-2342', '영113',29);
  INSERT INTO Department VALUES(310, '화학과', '02-3332-2456', '영214',210);
  INSERT INTO Department VALUES(311, '전자정보통신학과', '02-2342-0001', '충1107',211);
  INSERT INTO Department VALUES(312, '컴퓨터공학과', '02-5345-6542', '센702',212);
  INSERT INTO Department VALUES(313, '소프트웨어학과', '02-6567-2312', '센701',213);
  INSERT INTO Department VALUES(314, '정보보호학과', '02-6667-2456', '센703',214);
  INSERT INTO Department VALUES(315, '데이터사이언스학과', '02-8887-6565', '센801',215);
  INSERT INTO Department VALUES(316, '지능기전학과', '02-7889-0087', '센802',216);
  INSERT INTO Department VALUES(317, '인공지능학과', '02-9899-0878', '센803',217);
  INSERT INTO Department VALUES(318, '건축학과', '02-9997-7531', '충719',218);
  INSERT INTO Department VALUES(319, '건설환경공학과', '02-0001-1611', '충432',219);
  INSERT INTO Department VALUES(320, '환경에너지공간융합학과', '02-7651-1110', '충231',220);
  INSERT INTO Department VALUES(321, '기계공학과', '02-9442-2467', '충1109',221);
  INSERT INTO Department VALUES(322, '나노신소재공학과', '02-9863-6665', '광893',222);
  INSERT INTO Department VALUES(323, '양자원자력공학과', '02-2277-8863', '광821',223);
  INSERT INTO Department VALUES(324, '체육학과', '02-7542-0867', '광784',224);
  
  
    -- 학생번호는 100번대 교수번호는 200번대 학과번호는 300번대 강좌번호는 400번대 동아리번호 500번대
  INSERT INTO Professor VALUES(200, '김민준','서울 광진구','010-6354-8654', 'k123@gmail.com',300);
  INSERT INTO Professor VALUES(201, '박서준','경기도 남양주시', '010-5234-1234', 'dfsa@gmail.com',301);
  INSERT INTO Professor VALUES(202, '최예준','서울 강서구','010-8455-5232', 'kgdsaf123@gmail.com',302);
  INSERT INTO Professor VALUES(203, '한서연', '서울 강동구','010-6432-4567', 'f234@gmail.com',303);
  INSERT INTO Professor VALUES(204, '김서윤', '경기도 일산','010-2351-3333', 'a234@gmail.com',304);
  INSERT INTO Professor VALUES(205, '이지우', '서울 강서구','010-1345-8765', 'h2343@gmail.com',305);
  INSERT INTO Professor VALUES(206, '김도윤', '경기도 구리시','010-3456-4563', 'ffs1@gmail.com',306);
  INSERT INTO Professor VALUES(207, '김서현','서울 금천구', '010-3457-8643', 'gg2@gmail.com',307);
  INSERT INTO Professor VALUES(208, '김민서','서울 강남구', '010-1111-2462', 'ggaa@gmail.com',308);
  INSERT INTO Professor VALUES(209, '박하은', '경기도 남양주시', '010-4452-2342', 'apple@gmail.com',309);
  INSERT INTO Professor VALUES(210, '서하준', '경기도 구리시','010-3332-2456', 'jlksd9@gmail.com',310);
  INSERT INTO Professor VALUES(211,'이지호', '서울 강남구','010-2342-0001', 'gdsa2@gmail.com',311);
  INSERT INTO Professor VALUES(212, '김준우','경기도 남양주시', '010-5345-6542', 'asdf1@gmail.com',312);
  INSERT INTO Professor VALUES(213, '이현우','서울 광진구','010-6567-2312', 'asdga@gmail.com',313);
  INSERT INTO Professor VALUES(214, '이도현', '서울 강서구','010-6667-2456', 'angel@gmail.com',314);
  INSERT INTO Professor VALUES(215, '김건우','경기도 시흥시','010-8887-6565', 'devil@gmail.com',315);
  INSERT INTO Professor VALUES(216, '이우진','서울 강북구', '010-7889-0087', 'home22@gmail.com',316);
  INSERT INTO Professor VALUES(217, '이수아','경기도 하남시', '010-9899-0878', 'sdfaa@gmail.com',317);
  INSERT INTO Professor VALUES(218, '이다은', '경기도 구리시','010-9997-7531', 'piu9@gmail.com',318);
  INSERT INTO Professor VALUES(219, '김예은','서울 성동구', '010-0001-1611', 'piggy@gmail.com',319);
  INSERT INTO Professor VALUES(220, '서지유','경기도 하남시', '010-7651-1110', 'chicken@gmail.com',320);
  INSERT INTO Professor VALUES(221, '김민서','경기도 일산', '010-9442-2467', 'me22@gmail.com',321);
  INSERT INTO Professor VALUES(222, '김소율', '서울 강동구','010-9863-6665', 'icon@gmail.com',322);
  INSERT INTO Professor VALUES(223,'이예린', '서울 금천구', '010-2277-8863', 'prof@gmail.com',323);
  INSERT INTO Professor VALUES(224, '김정우', '서울 광진구', '010-9722-2587', 'stu@gmail.com',324);

 -- 학생번호는 100번대 교수번호는 200번대 학과번호는 300번대 강좌번호는 400번대 동아리번호 500번대
  INSERT INTO Student VALUES(100, '김재윤','서울 금천구','010-7543-8654', 'qwer@gmail.com',300,200,'234-12352',null);
  INSERT INTO Student VALUES(101, '이시현','경기도 구리시', '010-2234-1234', 'wert@gmail.com',301,201,'532-53251',null);
  INSERT INTO Student VALUES(102, '김동현','서울 강동구','010-6436-5232', 'erty@gmail.com',302,202,'532-523134',null);
  INSERT INTO Student VALUES(103, '최수호', '서울 강북구','010-1234-4567', 'rtyu@gmail.com',303,203,'643-643245',null);
  INSERT INTO Student VALUES(104, '이연서', '경기도 하남시','010-4324-3333', 'tyui@gmail.com',304,204,'123-123553',null);
  INSERT INTO Student VALUES(105, '이다연', '서울 강서구','010-2536-8765', 'yuio@gmail.com',305,205,'532-65436',null);
  INSERT INTO Student VALUES(106, '이시아', '경기도 구리시','010-6325-4563', 'ffuiops1@gmail.com',306,206,'234-76547',null);
  INSERT INTO Student VALUES(107, '유아린','서울 광진구', '010-9876-8643', 'asdf@gmail.com',307,207,'543-65436',null);
  INSERT INTO Student VALUES(108, '김하연','서울 강남구', '010-4586-2462', 'sdfg@gmail.com',308,208,'765-75427',null);
  INSERT INTO Student VALUES(109, '이채윤', '경기도 하남시', '010-1300-2342', 'dfgh@gmail.com',309,209,'856-83582',null);
  INSERT INTO Student VALUES(110, '김지율', '경기도 수원시','010-8862-2456', 'fghj@gmail.com',310,210,'457-75245',null);
  INSERT INTO Student VALUES(111,'이예지', '서울 영등포구','010-2377-0001', 'ghjk@gmail.com',311,211,'547-34576',null);
  INSERT INTO Student VALUES(112, '김성민','경기도 일산', '010-8853-6542', 'hjkl@gmail.com',312,212,'634-92929',null);
  INSERT INTO Student VALUES(113, '강윤효','서울 시흥시','010-6531-2312', 'zxcv@gmail.com',313,213,'225-65656',null);
  INSERT INTO Student VALUES(114, '한현서', '서울 성동구','010-0087-2456', 'xcvb@gmail.com',314,214,'532-46464',null);
  INSERT INTO Student VALUES(115, '이재현','경기도 성북구','010-8709-6565', 'cvbn@gmail.com',315,215,'345-36366',null);
  INSERT INTO Student VALUES(116, '박하율','서울 강북구', '010-7611-0087', 'vbnm@gmail.com',316,216,'765-73457',null);
  INSERT INTO Student VALUES(117, '이혜원','경기도 하남시', '010-2331-0878', 'bnm,@gmail.com',317,217,'999-75436',null);
  INSERT INTO Student VALUES(118, '김지수', '경기도 하남시','010-1112-7531', 'sdfg3@gmail.com',318,218,'453-34562',null);
  INSERT INTO Student VALUES(119, '김은채','서울 성동구', '010-3211-1611', 'gdsf2@gmail.com',319,219,'222-86456',null);
  INSERT INTO Student VALUES(120, '한서우','경기도 구리시', '010-5554-1110', 'fsdf3@gmail.com',320,220,'999-98765',null);
  INSERT INTO Student VALUES(121, '홍지한','경기도 일산', '010-7757-2467', 'gdf33@gmail.com',321,221,'775-76654',null);
  INSERT INTO Student VALUES(122, '한민혁', '서울 금천구','010-4324-6665', 'hdfhg@gmail.com',322,222,'633-34525',null);
  INSERT INTO Student VALUES(123,'한서하', '서울 광진구', '010-5325-8863', 'kyggfs@gmail.com',323,223,'555-65456',null);
  INSERT INTO Student VALUES(124, '박민아', '서울 중랑구', '010-6231-2587', 'hddfs@gmail.com',324,224,'346-765467',null);
  
-- 학생번호는 100번대 교수번호는 200번대 학과번호는 300번대 강좌번호는 400번대 동아리번호 500번대
INSERT INTO Lecture VALUES(400, 1, 224, '정보사회의사이버윤리', '월요일',3,3,2,324,'광732');
INSERT INTO Lecture VALUES(401, 2, 223, '정보사회의사이버윤리', '월요일',3,3,2,323,'광731');
INSERT INTO Lecture VALUES(402, 1, 222, '미디어와현대사회', '금요일',3,3,1,322,'광719');
INSERT INTO Lecture VALUES(403, 1, 221, '서양철학', '화요일',3,3,2,321,'광719');
INSERT INTO Lecture VALUES(404, 2, 220, '서양철학', '화요일',3,3,2,320,'광718');
INSERT INTO Lecture VALUES(405, 3, 219, '서양철학', '화요일',3,3,2,319,'광717');
INSERT INTO Lecture VALUES(406, 1, 218, '수요집현강좌', '수요일',1,1,1,318,'광555');
INSERT INTO Lecture VALUES(407, 1, 217, '유니스토리', '목요일',7,3,2,317,'광715');
INSERT INTO Lecture VALUES(408, 1, 216, '생활과경제', '목요일',5,3,2,316,'광714');
INSERT INTO Lecture VALUES(409, 1, 215, '동양고전강독', '목요일',1,2,1,315,'광713');
INSERT INTO Lecture VALUES(410, 2, 214, '동양고전강독', '목요일',1,2,1,314,'광712');
INSERT INTO Lecture VALUES(411, 1, 213, '인간과우주', '수요일',5,3,2,313,'광710');
INSERT INTO Lecture VALUES(412, 1, 212, '데이터베이스', '금요일',5,3,2,312,'센101');
INSERT INTO Lecture VALUES(413, 2, 211, '데이터베이스', '금요일',5,3,2,311,'센102');
INSERT INTO Lecture VALUES(414, 1, 210, '공업수학', '월요일',5,3,2,310,'센103');
INSERT INTO Lecture VALUES(415, 1, 209, '과학사', '월요일',7,3,2,309,'광601');
INSERT INTO Lecture VALUES(416, 2, 208, '과학사', '월요일',7,3,2,308,'광602');
INSERT INTO Lecture VALUES(417, 3, 207, '과학사', '월요일',7,3,2,307,'광603');
INSERT INTO Lecture VALUES(418, 1, 206, '기초중국어', '화요일',1,3,2,306,'광604');
INSERT INTO Lecture VALUES(419, 1, 205, '기초일본어', '화요일',5,3,2,305,'광605');
INSERT INTO Lecture VALUES(420, 1, 204, '기초미적분학', '수요일',7,3,2,304,'센104');
INSERT INTO Lecture VALUES(421, 1, 203, '서양고전강독', '수요일',3,2,1,303,'광606');
INSERT INTO Lecture VALUES(422, 2, 202, '서양고전강독', '수요일',3,2,1,302,'광607');
INSERT INTO Lecture VALUES(423, 3, 201, '서양고전강독', '수요일',3,2,1,301,'광608');
INSERT INTO Lecture VALUES(424, 1, 200, '세종봉사1', '목요일',3,1,1,300,'광501');  
  
-- 학생번호는 100번대 교수번호는 200번대 학과번호는 300번대 강좌번호는 400번대 동아리번호 500번대
INSERT INTO Club VALUES(500,'축구부',7 ,124,224,'학601');
INSERT INTO Club VALUES(501,'농구부',5 ,123,224,'학602');
INSERT INTO Club VALUES(502,'탁구부',3,122,223,'학603');
INSERT INTO Club VALUES(503,'스키부',0 ,121,223,'학604');
INSERT INTO Club VALUES(504,'스노우보드부',0,120,222,'학605');
INSERT INTO Club VALUES(505,'배드민턴부',4,119,222,'학606');
INSERT INTO Club VALUES(506,'미술부',0,118,221,'학607');
INSERT INTO Club VALUES(507,'스케이트부',0,117,221,'학608');
INSERT INTO Club VALUES(508,'피구부',0,116,220,'학609');
INSERT INTO Club VALUES(509,'당구부',2,115,220,'학610');
INSERT INTO Club VALUES(510,'골프부',0,114,219,'학611');
INSERT INTO Club VALUES(511,'수영부',0,113,219,'학612');
INSERT INTO Club VALUES(512,'주짓수',0,112,218,'학613');
INSERT INTO Club VALUES(513,'태권도',3,111,217,'학614');
INSERT INTO Club VALUES(514,'밴드부',5,110,217,'학615');
INSERT INTO Club VALUES(515,'댄스부',5,109,216,'학616');
INSERT INTO Club VALUES(516,'성악부',0,108,216,'학617');
INSERT INTO Club VALUES(517,'과학부',0,107,215,'학618');
INSERT INTO Club VALUES(518,'코딩부',3,106,215,'학619');
INSERT INTO Club VALUES(519,'봉사활동부',0,105,214,'학620');
INSERT INTO Club VALUES(520,'문화생활부',0,104,214,'학621');
INSERT INTO Club VALUES(521,'영화부',0,103,213,'학622');
INSERT INTO Club VALUES(522,'등산부',0,102,213,'학623');
INSERT INTO Club VALUES(523,'여행부',0,101,212,'학624');
INSERT INTO Club VALUES(524,'독서부',0,100,211,'학625');

-- 학생번호는 100번대 교수번호는 200번대 학과번호는 300번대 강좌번호는 400번대 동아리번호 500번대
INSERT INTO Tuition(studentId,paymentYear,paymentSemester,totalTuition,totalPayment,lastpaymentDate) VALUES(100,2021,1,400,400,STR_TO_DATE('2021-02-25','%Y-%m-%d'));
INSERT INTO Tuition(studentId,paymentYear,paymentSemester,totalTuition,totalPayment,lastpaymentDate) VALUES(101,2021,1,400,400,STR_TO_DATE('2021-02-24','%Y-%m-%d'));
INSERT INTO Tuition(studentId,paymentYear,paymentSemester,totalTuition,totalPayment,lastpaymentDate) VALUES(102,2021,1,400,400,STR_TO_DATE('2021-02-23','%Y-%m-%d'));
INSERT INTO Tuition(studentId,paymentYear,paymentSemester,totalTuition,totalPayment,lastpaymentDate) VALUES(103,2021,1,400,400,STR_TO_DATE('2021-02-23','%Y-%m-%d'));
INSERT INTO Tuition(studentId,paymentYear,paymentSemester,totalTuition,totalPayment,lastpaymentDate) VALUES(104,2021,1,400,400,STR_TO_DATE('2021-02-23','%Y-%m-%d'));
INSERT INTO Tuition(studentId,paymentYear,paymentSemester,totalTuition,totalPayment,lastpaymentDate) VALUES(105,2021,1,400,400,STR_TO_DATE('2021-02-24','%Y-%m-%d'));
INSERT INTO Tuition(studentId,paymentYear,paymentSemester,totalTuition,totalPayment,lastpaymentDate) VALUES(106,2021,1,360,360,STR_TO_DATE('2021-02-25','%Y-%m-%d'));
INSERT INTO Tuition(studentId,paymentYear,paymentSemester,totalTuition,totalPayment,lastpaymentDate) VALUES(107,2021,1,360,360,STR_TO_DATE('2021-02-22','%Y-%m-%d'));
INSERT INTO Tuition(studentId,paymentYear,paymentSemester,totalTuition,totalPayment,lastpaymentDate) VALUES(108,2021,1,360,360,STR_TO_DATE('2021-02-22','%Y-%m-%d'));
INSERT INTO Tuition(studentId,paymentYear,paymentSemester,totalTuition,totalPayment,lastpaymentDate) VALUES(109,2021,1,360,360,STR_TO_DATE('2021-02-22','%Y-%m-%d'));
INSERT INTO Tuition(studentId,paymentYear,paymentSemester,totalTuition,totalPayment,lastpaymentDate) VALUES(110,2021,1,360,360,STR_TO_DATE('2021-02-21','%Y-%m-%d'));
INSERT INTO Tuition(studentId,paymentYear,paymentSemester,totalTuition,totalPayment,lastpaymentDate) VALUES(111,2021,1,360,360,STR_TO_DATE('2021-02-21','%Y-%m-%d'));
INSERT INTO Tuition(studentId,paymentYear,paymentSemester,totalTuition,totalPayment,lastpaymentDate) VALUES(112,2021,1,360,360,STR_TO_DATE('2021-02-21','%Y-%m-%d'));
INSERT INTO Tuition(studentId,paymentYear,paymentSemester,totalTuition,totalPayment,lastpaymentDate) VALUES(113,2021,1,440,440,STR_TO_DATE('2021-02-21','%Y-%m-%d'));
INSERT INTO Tuition(studentId,paymentYear,paymentSemester,totalTuition,totalPayment,lastpaymentDate) VALUES(114,2021,1,440,440,STR_TO_DATE('2021-02-22','%Y-%m-%d'));
INSERT INTO Tuition(studentId,paymentYear,paymentSemester,totalTuition,totalPayment,lastpaymentDate) VALUES(115,2021,1,440,440,STR_TO_DATE('2021-02-22','%Y-%m-%d'));
INSERT INTO Tuition(studentId,paymentYear,paymentSemester,totalTuition,totalPayment,lastpaymentDate) VALUES(116,2021,1,440,440,STR_TO_DATE('2021-02-22','%Y-%m-%d'));
INSERT INTO Tuition(studentId,paymentYear,paymentSemester,totalTuition,totalPayment,lastpaymentDate) VALUES(117,2021,1,450,450,STR_TO_DATE('2021-02-23','%Y-%m-%d'));
INSERT INTO Tuition(studentId,paymentYear,paymentSemester,totalTuition,totalPayment,lastpaymentDate) VALUES(118,2021,1,450,450,STR_TO_DATE('2021-02-23','%Y-%m-%d'));
INSERT INTO Tuition(studentId,paymentYear,paymentSemester,totalTuition,totalPayment,lastpaymentDate) VALUES(119,2021,1,450,450,STR_TO_DATE('2021-02-20','%Y-%m-%d'));
INSERT INTO Tuition(studentId,paymentYear,paymentSemester,totalTuition,totalPayment,lastpaymentDate) VALUES(120,2021,1,450,450,STR_TO_DATE('2021-02-20','%Y-%m-%d'));
INSERT INTO Tuition(studentId,paymentYear,paymentSemester,totalTuition,totalPayment,lastpaymentDate) VALUES(121,2021,1,450,450,STR_TO_DATE('2021-02-20','%Y-%m-%d'));
INSERT INTO Tuition(studentId,paymentYear,paymentSemester,totalTuition,totalPayment,lastpaymentDate) VALUES(122,2021,1,450,450,STR_TO_DATE('2021-02-25','%Y-%m-%d'));
INSERT INTO Tuition(studentId,paymentYear,paymentSemester,totalTuition,totalPayment,lastpaymentDate) VALUES(123,2021,1,450,450,STR_TO_DATE('2021-02-25','%Y-%m-%d'));
INSERT INTO Tuition(studentId,paymentYear,paymentSemester,totalTuition,totalPayment,lastpaymentDate) VALUES(124,2021,1,450,450,STR_TO_DATE('2021-02-25','%Y-%m-%d'));
 
INSERT INTO Professor_has_student VALUES(200,100,1,1);
INSERT INTO Professor_has_student VALUES(201,101,2,1);
INSERT INTO Professor_has_student VALUES(202,102,1,2);
INSERT INTO Professor_has_student VALUES(203,103,2,2);
INSERT INTO Professor_has_student VALUES(204,104,3,1);
INSERT INTO Professor_has_student VALUES(205,105,3,2);
INSERT INTO Professor_has_student VALUES(206,106,4,1);
INSERT INTO Professor_has_student VALUES(207,107,4,2);
INSERT INTO Professor_has_student VALUES(208,108,4,2);
INSERT INTO Professor_has_student VALUES(209,109,4,1);
INSERT INTO Professor_has_student VALUES(210,110,3,2);
INSERT INTO Professor_has_student VALUES(211,111,3,1);
INSERT INTO Professor_has_student VALUES(212,112,2,1);
INSERT INTO Professor_has_student VALUES(213,113,2,2);
INSERT INTO Professor_has_student VALUES(214,114,1,1);
INSERT INTO Professor_has_student VALUES(215,115,1,2);
INSERT INTO Professor_has_student VALUES(216,116,2,1);
INSERT INTO Professor_has_student VALUES(217,117,1,1);
INSERT INTO Professor_has_student VALUES(218,118,3,1);
INSERT INTO Professor_has_student VALUES(219,119,4,1);
INSERT INTO Professor_has_student VALUES(220,120,2,1);
INSERT INTO Professor_has_student VALUES(221,121,3,1);
INSERT INTO Professor_has_student VALUES(222,122,1,1);
INSERT INTO Professor_has_student VALUES(223,123,2,1);
INSERT INTO Professor_has_student VALUES(224,124,3,1);

-- 2021 1학기 수강내역 - 한과목당 2명의 학생 할당
INSERT INTO Lecture_has_student VALUES(400,100,224,10,40,40,10,100,'A',4.0,2021,1);
INSERT INTO Lecture_has_student VALUES(401,101,223,10,38,32,10,90,'A',4.0,2021,1);
INSERT INTO Lecture_has_student VALUES(402,102,222,10,35,40,10,95,'A',4.0,2021,1);
INSERT INTO Lecture_has_student VALUES(403,103,221,9,40,35,10,94,'A',4.0,2021,1);
INSERT INTO Lecture_has_student VALUES(404,104,220,10,35,35,10,90,'A',4.0,2021,1);
INSERT INTO Lecture_has_student VALUES(405,105,219,10,35,25,10,70,'C',2.0,2021,1);
INSERT INTO Lecture_has_student VALUES(406,106,218,10,40,35,10,95,'A',4.0,2021,1);
INSERT INTO Lecture_has_student VALUES(407,107,217,10,31,29,10,80,'B',3.0,2021,1);
INSERT INTO Lecture_has_student VALUES(408,108,216,5,25,35,10,75,'C',2.0,2021,1);
INSERT INTO Lecture_has_student VALUES(409,109,215,10,30,30,10,80,'B',3.0,2021,1);
INSERT INTO Lecture_has_student VALUES(410,110,214,10,10,20,10,50,'D',1.0,2021,1);
INSERT INTO Lecture_has_student VALUES(411,111,213,10,10,35,10,65,'C',2.0,2021,1);
INSERT INTO Lecture_has_student VALUES(412,112,212,10,20,35,10,75,'C',2.0,2021,1);
INSERT INTO Lecture_has_student VALUES(413,113,211,10,20,30,10,70,'C',2.0,2021,1);
INSERT INTO Lecture_has_student VALUES(414,114,210,10,30,25,10,75,'C',2.0,2021,1);
INSERT INTO Lecture_has_student VALUES(415,115,209,10,30,30,10,80,'B',3.0,2021,1);
INSERT INTO Lecture_has_student VALUES(416,116,208,10,25,40,10,85,'B',3.0,2021,1);
INSERT INTO Lecture_has_student VALUES(417,117,207,10,25,40,10,85,'B',3.0,2021,1);
INSERT INTO Lecture_has_student VALUES(418,118,206,8,30,40,10,88,'B',3.0,2021,1);
INSERT INTO Lecture_has_student VALUES(419,119,205,10,35,30,10,85,'B',3.0,2021,1);
INSERT INTO Lecture_has_student VALUES(420,120,204,10,25,20,10,65,'C',2.0,2021,1);
INSERT INTO Lecture_has_student VALUES(421,121,203,10,25,30,10,75,'C',2.0,2021,1);
INSERT INTO Lecture_has_student VALUES(422,122,202,10,0,0,10,20,'D',1.0,2021,1);
INSERT INTO Lecture_has_student VALUES(423,123,201,10,10,20,10,50,'D',1.0,2021,1);
INSERT INTO Lecture_has_student VALUES(424,124,200,10,15,35,10,70,'C',2.0,2021,1);

INSERT INTO Lecture_has_student VALUES(400,103,224,10,15,35,10,70,'C',2.0,2021,1);
INSERT INTO Lecture_has_student VALUES(401,104,223,10,10,20,10,50,'D',1.0,2021,1);
INSERT INTO Lecture_has_student VALUES(402,105,222,10,38,32,10,90,'A',4.0,2021,1);
INSERT INTO Lecture_has_student VALUES(403,106,221,10,25,30,10,75,'C',2.0,2021,1);
INSERT INTO Lecture_has_student VALUES(404,107,220,10,25,20,10,65,'C',2.0,2021,1);
INSERT INTO Lecture_has_student VALUES(405,108,219,10,35,30,10,85,'B',3.0,2021,1);
INSERT INTO Lecture_has_student VALUES(406,109,218,8,30,40,10,88,'B',3.0,2021,1);
INSERT INTO Lecture_has_student VALUES(407,110,217,10,31,29,5,75,'C',2.0,2021,1);
INSERT INTO Lecture_has_student VALUES(408,111,216,5,30,35,10,80,'B',3.0,2021,1);
INSERT INTO Lecture_has_student VALUES(409,112,215,10,30,35,10,85,'B',3.0,2021,1);
INSERT INTO Lecture_has_student VALUES(410,113,214,10,10,20,30,70,'C',2.0,2021,1);
INSERT INTO Lecture_has_student VALUES(411,114,213,10,10,35,30,85,'B',3.0,2021,1);
INSERT INTO Lecture_has_student VALUES(412,115,212,10,25,35,10,80,'B',3.0,2021,1);
INSERT INTO Lecture_has_student VALUES(413,116,211,10,25,30,5,70,'C',2.0,2021,1);
INSERT INTO Lecture_has_student VALUES(414,117,210,10,30,30,10,80,'B',3.0,2021,1);
INSERT INTO Lecture_has_student VALUES(415,118,209,10,35,35,10,90,'A',4.0,2021,1);
INSERT INTO Lecture_has_student VALUES(416,119,208,10,30,40,10,90,'A',4.0,2021,1);
INSERT INTO Lecture_has_student VALUES(417,120,207,10,25,25,10,70,'B',3.0,2021,1);
INSERT INTO Lecture_has_student VALUES(418,121,206,10,40,35,10,95,'A',4.0,2021,1);
INSERT INTO Lecture_has_student VALUES(419,122,205,10,35,25,10,70,'C',2.0,2021,1);
INSERT INTO Lecture_has_student VALUES(420,123,204,10,35,35,10,90,'A',4.0,2021,1);
INSERT INTO Lecture_has_student VALUES(421,124,203,9,40,35,10,94,'A',4.0,2021,1);
INSERT INTO Lecture_has_student VALUES(422,100,202,10,35,40,10,95,'A',4.0,2021,1);
INSERT INTO Lecture_has_student VALUES(423,101,201,10,35,40,10,95,'A',4.0,2021,1);
INSERT INTO Lecture_has_student VALUES(424,102,200,10,40,40,10,100,'A',4.0,2021,1);

-- 2020 2학기 수강내역
INSERT INTO Lecture_has_student VALUES(400,101,224,10,40,40,10,100,'A',4.0,2020,2);
INSERT INTO Lecture_has_student VALUES(401,102,223,10,38,32,10,90,'A',4.0,2020,2);
INSERT INTO Lecture_has_student VALUES(402,103,222,10,35,40,10,95,'A',4.0,2020,2);
INSERT INTO Lecture_has_student VALUES(403,104,221,9,40,35,10,94,'A',4.0,2020,2);
INSERT INTO Lecture_has_student VALUES(404,105,220,10,35,35,10,90,'A',4.0,2020,2);
INSERT INTO Lecture_has_student VALUES(405,106,219,10,35,25,10,70,'C',2.0,2020,2);
INSERT INTO Lecture_has_student VALUES(406,107,218,10,40,35,10,95,'A',4.0,2020,2);
INSERT INTO Lecture_has_student VALUES(407,108,217,10,31,29,10,80,'B',3.0,2020,2);
INSERT INTO Lecture_has_student VALUES(408,109,216,5,25,35,10,75,'C',2.0,2020,2);
INSERT INTO Lecture_has_student VALUES(409,110,215,10,30,30,10,80,'B',3.0,2020,2);
INSERT INTO Lecture_has_student VALUES(410,111,214,10,10,20,10,50,'D',1.0,2020,2);
INSERT INTO Lecture_has_student VALUES(411,112,213,10,10,35,10,65,'C',2.0,2020,2);
INSERT INTO Lecture_has_student VALUES(412,113,212,10,20,35,10,75,'C',2.0,2020,2);
INSERT INTO Lecture_has_student VALUES(413,114,211,10,20,30,10,70,'C',2.0,2020,2);
INSERT INTO Lecture_has_student VALUES(414,115,210,10,30,25,10,75,'C',2.0,2020,2);
INSERT INTO Lecture_has_student VALUES(415,116,209,10,30,30,10,80,'B',3.0,2020,2);
INSERT INTO Lecture_has_student VALUES(416,117,208,10,25,40,10,85,'B',3.0,2020,2);
INSERT INTO Lecture_has_student VALUES(417,118,207,10,25,40,10,85,'B',3.0,2020,2);
INSERT INTO Lecture_has_student VALUES(418,119,206,8,30,40,10,88,'B',3.0,2020,2);
INSERT INTO Lecture_has_student VALUES(419,120,205,10,35,30,10,85,'B',3.0,2020,2);
INSERT INTO Lecture_has_student VALUES(420,121,204,10,25,20,10,65,'C',2.0,2020,2);
INSERT INTO Lecture_has_student VALUES(421,122,203,10,25,30,10,75,'C',2.0,2020,2);
INSERT INTO Lecture_has_student VALUES(422,123,202,10,10,20,10,50,'D',1.0,2020,2);
INSERT INTO Lecture_has_student VALUES(423,124,201,10,10,20,10,50,'D',1.0,2020,2);
INSERT INTO Lecture_has_student VALUES(424,100,200,10,15,35,10,70,'C',2.0,2020,2);

INSERT INTO Lecture_has_student VALUES(400,102,224,10,15,35,10,70,'C',2.0,2020,2);
INSERT INTO Lecture_has_student VALUES(401,103,223,10,10,20,10,50,'D',1.0,2020,2);
INSERT INTO Lecture_has_student VALUES(402,104,222,10,38,32,10,90,'A',4.0,2020,2);
INSERT INTO Lecture_has_student VALUES(403,105,221,10,25,30,10,75,'C',2.0,2020,2);
INSERT INTO Lecture_has_student VALUES(404,106,220,10,25,20,10,65,'C',2.0,2020,2);
INSERT INTO Lecture_has_student VALUES(405,107,219,10,35,30,10,85,'B',3.0,2020,2);
INSERT INTO Lecture_has_student VALUES(406,108,218,8,30,40,10,88,'B',3.0,2020,2);
INSERT INTO Lecture_has_student VALUES(407,109,217,10,31,29,5,75,'C',2.0,2020,2);
INSERT INTO Lecture_has_student VALUES(408,110,216,5,30,35,10,80,'B',3.0,2020,2);
INSERT INTO Lecture_has_student VALUES(409,111,215,10,30,35,10,85,'B',3.0,2020,2);
INSERT INTO Lecture_has_student VALUES(410,112,214,10,10,20,30,70,'C',2.0,2020,2);
INSERT INTO Lecture_has_student VALUES(411,113,213,10,10,35,30,85,'B',3.0,2020,2);
INSERT INTO Lecture_has_student VALUES(412,114,212,10,25,35,10,80,'B',3.0,2020,2);
INSERT INTO Lecture_has_student VALUES(413,115,211,10,25,30,5,70,'C',2.0,2020,2);
INSERT INTO Lecture_has_student VALUES(414,116,210,10,30,30,10,80,'B',3.0,2020,2);
INSERT INTO Lecture_has_student VALUES(415,117,209,10,35,35,10,90,'A',4.0,2020,2);
INSERT INTO Lecture_has_student VALUES(416,118,208,10,30,40,10,90,'A',4.0,2020,2);
INSERT INTO Lecture_has_student VALUES(417,119,207,10,25,25,10,70,'B',3.0,2020,2);
INSERT INTO Lecture_has_student VALUES(418,120,206,10,40,35,10,95,'A',4.0,2020,2);
INSERT INTO Lecture_has_student VALUES(419,121,205,10,35,25,10,70,'C',2.0,2020,2);
INSERT INTO Lecture_has_student VALUES(420,122,204,10,35,35,10,90,'A',4.0,2020,2);
INSERT INTO Lecture_has_student VALUES(421,123,203,9,40,35,10,94,'A',4.0,2020,2);
INSERT INTO Lecture_has_student VALUES(422,124,202,10,0,0,10,20,'D',1.0,2020,2);
INSERT INTO Lecture_has_student VALUES(423,100,201,10,10,20,10,50,'D',1.0,2020,2);
INSERT INTO Lecture_has_student VALUES(424,101,200,10,40,40,10,100,'A',4.0,2020,2);

 -- 추가 교수 데이터 넣기.. 현재는 학과 하나당 학과장 하나만 있는 상태, 교수를 추가할 시 학과랑 학생 다대다 테이블에도 추가하기
  
INSERT INTO Professor_has_department VALUES(200,300);
INSERT INTO Professor_has_department VALUES(201,301);
INSERT INTO Professor_has_department VALUES(202,302);
INSERT INTO Professor_has_department VALUES(203,303);
INSERT INTO Professor_has_department VALUES(204,304);
INSERT INTO Professor_has_department VALUES(205,305);
INSERT INTO Professor_has_department VALUES(206,306);
INSERT INTO Professor_has_department VALUES(207,307);
INSERT INTO Professor_has_department VALUES(208,308);
INSERT INTO Professor_has_department VALUES(209,309);
INSERT INTO Professor_has_department VALUES(210,310);
INSERT INTO Professor_has_department VALUES(211,311);
INSERT INTO Professor_has_department VALUES(212,312);
INSERT INTO Professor_has_department VALUES(213,313);
INSERT INTO Professor_has_department VALUES(214,314);
INSERT INTO Professor_has_department VALUES(215,315);
INSERT INTO Professor_has_department VALUES(216,316);
INSERT INTO Professor_has_department VALUES(217,317);
INSERT INTO Professor_has_department VALUES(218,318);
INSERT INTO Professor_has_department VALUES(219,319);
INSERT INTO Professor_has_department VALUES(220,320);
INSERT INTO Professor_has_department VALUES(221,321);
INSERT INTO Professor_has_department VALUES(222,322);
INSERT INTO Professor_has_department VALUES(223,323);
INSERT INTO Professor_has_department VALUES(224,324);

INSERT INTO Student_has_club VALUES(124,500);
INSERT INTO Student_has_club VALUES(123,501);
INSERT INTO Student_has_club VALUES(122,502);
INSERT INTO Student_has_club VALUES(121,503);
INSERT INTO Student_has_club VALUES(120,504);
INSERT INTO Student_has_club VALUES(119,505);
INSERT INTO Student_has_club VALUES(118,506);
INSERT INTO Student_has_club VALUES(117,507);
INSERT INTO Student_has_club VALUES(116,508);
INSERT INTO Student_has_club VALUES(115,509);
INSERT INTO Student_has_club VALUES(114,510);
INSERT INTO Student_has_club VALUES(113,511);
INSERT INTO Student_has_club VALUES(112,512);
INSERT INTO Student_has_club VALUES(111,513);
INSERT INTO Student_has_club VALUES(110,514);
INSERT INTO Student_has_club VALUES(109,515);
INSERT INTO Student_has_club VALUES(108,516);
INSERT INTO Student_has_club VALUES(107,517);
INSERT INTO Student_has_club VALUES(106,518);
INSERT INTO Student_has_club VALUES(105,519);
INSERT INTO Student_has_club VALUES(104,520);
INSERT INTO Student_has_club VALUES(103,521);
INSERT INTO Student_has_club VALUES(102,522);
INSERT INTO Student_has_club VALUES(101,523);
INSERT INTO Student_has_club VALUES(100,524);


INSERT INTO Student_has_club VALUES(100,500);
INSERT INTO Student_has_club VALUES(101,500);
INSERT INTO Student_has_club VALUES(102,500);
INSERT INTO Student_has_club VALUES(103,500);
INSERT INTO Student_has_club VALUES(104,500);
INSERT INTO Student_has_club VALUES(105,501);
INSERT INTO Student_has_club VALUES(106,501);
INSERT INTO Student_has_club VALUES(107,501);
INSERT INTO Student_has_club VALUES(108,501);
INSERT INTO Student_has_club VALUES(109,501);
INSERT INTO Student_has_club VALUES(110,500);
INSERT INTO Student_has_club VALUES(111,500);
INSERT INTO Student_has_club VALUES(100,502);
INSERT INTO Student_has_club VALUES(101,502);
INSERT INTO Student_has_club VALUES(102,502);
INSERT INTO Student_has_club VALUES(122,505);
INSERT INTO Student_has_club VALUES(123,505);
INSERT INTO Student_has_club VALUES(110,505);
INSERT INTO Student_has_club VALUES(121,505);
INSERT INTO Student_has_club VALUES(109,509);
INSERT INTO Student_has_club VALUES(119,509);
INSERT INTO Student_has_club VALUES(124,513);
INSERT INTO Student_has_club VALUES(123,513);
INSERT INTO Student_has_club VALUES(122,513);
INSERT INTO Student_has_club VALUES(121,514);
INSERT INTO Student_has_club VALUES(120,514);
INSERT INTO Student_has_club VALUES(119,514);
INSERT INTO Student_has_club VALUES(118,514);
INSERT INTO Student_has_club VALUES(117,514);
INSERT INTO Student_has_club VALUES(116,515);
INSERT INTO Student_has_club VALUES(115,515);
INSERT INTO Student_has_club VALUES(114,515);
INSERT INTO Student_has_club VALUES(113,515);
INSERT INTO Student_has_club VALUES(112,515);
INSERT INTO Student_has_club VALUES(111,518);
INSERT INTO Student_has_club VALUES(110,518);
INSERT INTO Student_has_club VALUES(109,518);

